Universite;Specialisation;annee_experience;type_emploi;secteur_activite;competence_professionnelle;formation_complement;taille_equipe;budget_gere;nb_jour_formation_an;nb_projet;salaire;source_emploi
INSCAE;Marketing, Management;Plus de 5 ans;Temps plein;Marketing/Publicité, Distribution;Communication, Travail d'équipe, Leadership, Résolution de problèmes, Adaptabilité, Nutrition;Oui;280;4500000000;30;10;Plus de 3 Millions MGA;Réseaux professionnels (LinkedIn, etc.)
ISCAM;Marketing;3-5 ans;Temps plein;Énergie ;Communication, Travail d'équipe, Leadership, Résolution de problèmes, Adaptabilité;Non;50;450000000;0;2;Plus de 3 Millions MGA;Réseaux professionnels (LinkedIn, etc.)
INSCAE;Marketing;Plus de 5 ans;Temps plein;Banque/Finance;Communication, Travail d'équipe, Leadership, Résolution de problèmes, Adaptabilité;Oui;15;1000000000;120;3;Plus de 3 Millions MGA;Réseaux professionnels (LinkedIn, etc.)
INSCAE;Comptabilité - Contrôle - Audit/ GRH;Plus de 5 ans;Temps plein;BPO;Communication, Résolution de problèmes, Adaptabilité;Non;0;0;5;3;Plus de 3 Millions MGA;Sites d'offres d'emploi en ligne, Reseaux professionnels, Recommandations
IAE de Poitiers;Finance, Comptabilité;1-2 ans;Temps plein;Environnement ;Résolution de problèmes, Adaptabilité;Non;1;0;0;0;Plus de 3 Millions MGA;Réseaux professionnels (LinkedIn, etc.)
INSCAE;Gestion des Ressources Humaines;3-5 ans;Temps plein;Developpement / NGO ;Communication, Travail d'équipe, Leadership, Résolution de problèmes, Adaptabilité;Non;0;0;30;0;Plus de 3 Millions MGA;Réseaux professionnels (LinkedIn, etc.)
INSCAE;Finance, Comptabilité;1-2 ans;Temps plein;Gestion de projet;Communication, Adaptabilité;Oui;0;0;0;2;Moins de 2 Millions MGA;Réseaux professionnels (LinkedIn, etc.)
Université Catholique de Madagascar ;Science Sociale Appliquée au Développement ;3-5 ans;Temps plein;Humanitaire;Communication, Travail d'équipe, Leadership, Résolution de problèmes, Adaptabilité;Oui;23;9E+13;30;8;Entre 2 Millions MGA et 3 Millions MGA;Réseaux professionnels (LinkedIn, etc.)
IAE de Poitiers;Marketing, Management;1-2 ans;Temps plein;Marketing/Publicité;Communication, Travail d'équipe, Adaptabilité, Relation client, Capacité d'analyse et gestion des études(analyses de données) marketing ;Oui;2;25000000;4;5;Plus de 3 Millions MGA;Réseaux professionnels (LinkedIn, etc.)
DEGS Ankatso;Développement;Plus de 5 ans;Temps plein;Inclusion Financière;Communication, Travail d'équipe, Leadership, Résolution de problèmes, Adaptabilité, Entreprenariat;Oui;2;220000000;4;2;Plus de 3 Millions MGA;Sites d'offres d'emploi en ligne
Oecfm;Finance, Comptabilité;Plus de 5 ans;Temps plein;Comptabilité/Audit;Communication, Travail d'équipe, Leadership, Résolution de problèmes, Adaptabilité, Entrepreneuriat;Non;7;240000000;40;20;Plus de 3 Millions MGA;Recommandations
INSCAE;Marketing, Management;1-2 ans;Temps plein;Banque/Finance, Gestion de projet;Communication, Résolution de problèmes, Adaptabilité, Gestion de projet;Non;0;0;0;8;Entre 2 Millions MGA et 3 Millions MGA;Réseaux professionnels (LinkedIn, etc.)
INSCAE;Finance, Comptabilité, Marketing, Management;1-2 ans;Temps plein;Entrepreneuriat;Travail d'équipe, Leadership, Résolution de problèmes, Adaptabilité;Oui;8;20000000;50;4;Moins de 2 Millions MGA;Réseaux professionnels (LinkedIn, etc.)
INSCAE;Management, Commerce International;1-2 ans;Temps plein;Agroalimentaire;Communication, Leadership, Résolution de problèmes, Adaptabilité;Non;60;20000000000;0;2;Moins de 2 Millions MGA;Sites d'offres d'emploi en ligne
INSCAE;Finance;Plus de 5 ans;Temps plein;Banque/Finance;Travail d'équipe, Leadership, Résolution de problèmes;Oui;5;0;0;3;Plus de 3 Millions MGA;Sites d'offres d'emploi en ligne
INSCAE;Finance;Plus de 5 ans;Temps plein;Banque/Finance;Travail d'équipe, Résolution de problèmes, Adaptabilité;Oui;3;2000000000;2;1;Plus de 3 Millions MGA;Recommandations
IST / AUF Diego;Management;Plus de 5 ans;Temps plein;Banque/Finance;Travail d'équipe, Résolution de problèmes, Adaptabilité;Oui;4;0;0;2;Plus de 3 Millions MGA;Réseaux professionnels (LinkedIn, etc.)
ISCAM et DEGS Ankatso;Finance;Plus de 5 ans;Temps plein;Banque/Finance;Travail d'équipe;Oui;2;12000000;2;1;Plus de 3 Millions MGA;Annonces dans les journaux
Ecole Nationale des Finances Publiques(ENFIP), France;Finance, Comptabilité;Plus de 5 ans;Temps plein;Banque/Finance, Comptabilité/Audit;Travail d'équipe, Leadership, Résolution de problèmes, Adaptabilité;Oui;21;1000000000;5;4;Plus de 3 Millions MGA;Réseaux professionnels (LinkedIn, etc.)
INSCAE;Finance, Comptabilité;Plus de 5 ans;Temps plein;Comptabilité/Audit;Communication, Travail d'équipe, Leadership, Résolution de problèmes, Adaptabilité;Oui;18;50000000000;15;2;Plus de 3 Millions MGA;Annonces dans les journaux
INSCAE;Commerce International;Plus de 5 ans;Freelance;Service digital;Communication, Résolution de problèmes, Adaptabilité;Non;4;0;0;10;Plus de 3 Millions MGA;Plateforme de mise en relation freelancer et intéressé
INSCAE;Administration d'entreprise;Moins de 1 an;Temps plein;Importation;Communication, Travail d'équipe, Leadership, Résolution de problèmes, Adaptabilité;Non;7;5000000000;2;3;Entre 2 Millions MGA et 3 Millions MGA;Recommandations
DEGS Ankatso;Finance, Comptabilité;3-5 ans;Temps plein;Comptabilité/Audit;Communication, Travail d'équipe, Leadership, Résolution de problèmes, Adaptabilité;Non;3;0;90;2;Entre 2 Millions MGA et 3 Millions MGA;Réseaux professionnels (LinkedIn, etc.)
IST - Tananarive ;BTP;Plus de 5 ans;Temps plein;Banque/Finance;Communication, Travail d'équipe, Leadership, Résolution de problèmes, Adaptabilité;Oui;4;5000000000;5;3;Moins de 2 Millions MGA;Recommandations
EsM;Marketing;1-2 ans;Temps plein;Marketing/Publicité;Communication, Travail d'équipe;Oui;6;1000000;2;6;Entre 2 Millions MGA et 3 Millions MGA;Réseaux professionnels (LinkedIn, etc.)
CNTEMAD;Finance, Comptabilité;Plus de 5 ans;Temps plein;Integration erp;Communication, Travail d'équipe, Leadership, Résolution de problèmes, Adaptabilité;Non;5;80000000;0;1;Entre 2 Millions MGA et 3 Millions MGA;Sites d'offres d'emploi en ligne
INSCAE ;Gestion des Ressources Humaines;1-2 ans;Temps plein;Banque/Finance;Communication, Travail d'équipe, Leadership, Résolution de problèmes, Adaptabilité;Non;0;0;5;4;Entre 2 Millions MGA et 3 Millions MGA;Réseaux professionnels (LinkedIn, etc.)
École Supérieure Polytechnique Antananarivo;Informatique industrielle ;Plus de 5 ans;Temps plein;Organisme public;Communication, Travail d'équipe, Leadership, Résolution de problèmes, Adaptabilité;Oui;5;1000000000;7;3;Moins de 2 Millions MGA;Annonces dans les journaux
ISCAM;Finance, Comptabilité;3-5 ans;Temps plein;Industrie;Communication, Travail d'équipe, Leadership, Résolution de problèmes, Adaptabilité;Non;0;40000000000;2;2;Moins de 2 Millions MGA;Réseaux professionnels (LinkedIn, etc.)
CNTEMAD;Finance, Comptabilité;Plus de 5 ans;Temps plein;Comptabilité/Audit;Communication, Travail d'équipe, Leadership, Résolution de problèmes, Adaptabilité;Oui;6;127000000;30;2;Entre 2 Millions MGA et 3 Millions MGA;Sites d'offres d'emploi en ligne
Ieseg ;Finance;Moins de 1 an;Temps plein;Finance ;Communication, Travail d'équipe, Résolution de problèmes, Adaptabilité;Oui;2;75000000000;5;4;Plus de 3 Millions MGA;Recommandations
INSCAE;Finance, Comptabilité;Plus de 5 ans;Temps plein;Comptabilité/Audit;Leadership, Résolution de problèmes, Adaptabilité;Oui;5;0;90;3;Plus de 3 Millions MGA;Réseaux professionnels (LinkedIn, etc.)
CNTEMAD;Finance, Comptabilité;Plus de 5 ans;Temps plein;Comptabilité/Audit;Communication, Travail d'équipe, Leadership, Résolution de problèmes, Adaptabilité;Non;20;200000000;10;9;Plus de 3 Millions MGA;Réseaux professionnels (LinkedIn, etc.)
DEGS Ankatso;Économie ;1-2 ans;Temps plein;Banque/Finance;Communication, Travail d'équipe, Leadership, Résolution de problèmes, Adaptabilité;Oui;2;20000000;5;1;Entre 2 Millions MGA et 3 Millions MGA;Réseaux professionnels (LinkedIn, etc.)
INSCAE ;Comptabilité - Contrôle - Audit;1-2 ans;Temps plein;Comptabilité/Audit;Leadership;Non;9;400000000;10;5;Moins de 2 Millions MGA;Sites d'offres d'emploi en ligne
DEGS Ankatso;Économie;Plus de 5 ans;Temps plein;Banque/Finance;Communication, Travail d'équipe, Résolution de problèmes, Adaptabilité;Non;4;200000000;3;2;Entre 2 Millions MGA et 3 Millions MGA;Annonces dans les journaux
DEGS Ankatso;Économie;Plus de 5 ans;Temps plein;Gestion de projet;Résolution de problèmes, Adaptabilité;Oui;10;64000000000;10;2;Moins de 2 Millions MGA;Réseaux professionnels (LinkedIn, etc.)
INSCAE;Marketing;1-2 ans;Temps partiel;Marketing/Publicité;Communication, Travail d'équipe, Leadership, Adaptabilité;Non;3;30000000000;40;1;Moins de 2 Millions MGA;Recommandations
INSCAE;Finance, Comptabilité, Gestion des Ressources Humaines;Plus de 5 ans;Temps plein;Banque/Finance, Comptabilité/Audit, Conseil en gestion, Fiscalité et juridique ;Communication, Travail d'équipe, Leadership, Résolution de problèmes, Adaptabilité;Non;30;200000000;10;1;Plus de 3 Millions MGA;Recommandations
INSCAE;Comptabilité - Contrôle - Audit;1-2 ans;Entrepreneur ;Agroalimentaire;Communication, Leadership, Résolution de problèmes, Adaptabilité;Non;1;0;0;0;Moins de 2 Millions MGA;N/A
INSCAE ;Administration d'entreprise;1-2 ans;Freelance;Entrepreneuriat ;Communication, Leadership, Résolution de problèmes;Non;15;25000000;0;3;Entre 2 Millions MGA et 3 Millions MGA;Recommandations
INSCAE;Marketing;Plus de 5 ans;Temps plein;Marketing/Publicité;Communication, Travail d'équipe, Leadership, Résolution de problèmes, Adaptabilité;Non;15;5000000;0;2;Plus de 3 Millions MGA;Recommandations
CNTEMAD;Management;Plus de 5 ans;Temps plein;Commerce ;Communication, Leadership, Résolution de problèmes, Adaptabilité;Oui;120;150000000;15;1;Plus de 3 Millions MGA;Recommandations
INSCAE;Finance, Comptabilité;Plus de 5 ans;Temps plein;Comptabilité/Audit;Communication, Travail d'équipe, Leadership, Résolution de problèmes, Adaptabilité;Non;20;0;7;10;Plus de 3 Millions MGA;Recommandations
EsM;Multimédia ;Plus de 5 ans;Temps plein;Grossiste Pharmaceutique ;Communication, Travail d'équipe, Leadership, Résolution de problèmes, Adaptabilité;Oui;44;50000000;10;5;Entre 2 Millions MGA et 3 Millions MGA;Recommandations
Sciences-U Mont Rouge Paris;Gestion des Ressources Humaines;1-2 ans;Temps plein;BTP;Communication, Travail d'équipe, Adaptabilité;Non;1;0;1;2;Plus de 3 Millions MGA;Réseaux professionnels (LinkedIn, etc.)
ISCAM;Marketing, Management et Innovation ;3-5 ans;Temps plein;Marketing/Publicité;Communication, Travail d'équipe, Leadership, Résolution de problèmes, Adaptabilité;Non;1;50000000;8;3;Moins de 2 Millions MGA;Sites d'offres d'emploi en ligne
INSCAE - HEC - UNIVERSITE D ANTANANARIVO;Marketing, Management;Plus de 5 ans;Temps plein;Marketing/Publicité, Commercial;Communication, Travail d'équipe, Leadership, Résolution de problèmes, Adaptabilité, Culture QHSE;Oui;5;15000000000;0;2;Plus de 3 Millions MGA;Sites d'offres d'emploi en ligne
DEGS Ankatso;Marketing;Plus de 5 ans;Temps plein;Societe en Zone Franche;Communication, Travail d'équipe, Résolution de problèmes;Oui;4;0;0;0;Entre 2 Millions MGA et 3 Millions MGA;Annonces dans les journaux
CNTEMAD;Management;Plus de 5 ans;Temps plein;Télécommunication;Communication, Travail d'équipe, Leadership, Résolution de problèmes, Adaptabilité, Respect de la confidentialité, de l'éthique et de la compliance;Oui;2;0;7;4;Entre 2 Millions MGA et 3 Millions MGA;Recommandations
CNTEMAD;Comptabilité;Plus de 5 ans;Temps plein;Comptabilité/Audit;Travail d'équipe, Leadership;Oui;2;10000000;10;3;Entre 2 Millions MGA et 3 Millions MGA;Recommandations
ESSVA;Marketing;Plus de 5 ans;Temps plein;Comptabilité/Audit;Travail d'équipe, Résolution de problèmes, Adaptabilité;Non;0;12000000000;5;4;Moins de 2 Millions MGA;Réseaux professionnels (LinkedIn, etc.)
INSCAE;Finance, Comptabilité;Plus de 5 ans;Temps plein;Comptabilité/Audit;Travail d'équipe, Leadership, Adaptabilité;Oui;6;20000000;3;0;Entre 2 Millions MGA et 3 Millions MGA;Réseaux professionnels (LinkedIn, etc.)
Institute of Management an Techonology;Finance, Comptabilité;Plus de 5 ans;Temps plein;Externalisation ;Communication, Leadership;Non;50;5000000000;10;4;Entre 2 Millions MGA et 3 Millions MGA;Réseaux professionnels (LinkedIn, etc.)
INSCAE;Marketing;1-2 ans;Temps partiel;Marketing/Publicité;Communication, Travail d'équipe, Leadership, Adaptabilité;Oui;4;20000000;10;2;Moins de 2 Millions MGA;Sites d'offres d'emploi en ligne
IT University;Informatique;3-5 ans;Temps plein;Informatique - Enseignement;Communication, Leadership, Résolution de problèmes;Oui;40;600000000;12;3;Plus de 3 Millions MGA;Réseaux professionnels (LinkedIn, etc.)
INSCAE;Gestion des Ressources Humaines;Plus de 5 ans;Temps plein;Assurance;Travail d'équipe, Adaptabilité;Non;15;15000000;0;5;Entre 2 Millions MGA et 3 Millions MGA;Recommandations
INSCAE;Marketing, Management;3-5 ans;Temps plein;Service clientèle;Communication, Travail d'équipe, Leadership, Adaptabilité;Non;4;10000000;5;5;Plus de 3 Millions MGA;Réseaux professionnels (LinkedIn, etc.)
INSCAE;Comptabilité - Contrôle - Audit;1-2 ans;Temps plein;Comptabilité/Audit;Communication, Travail d'équipe, Résolution de problèmes;Non;3;0;30;1;Moins de 2 Millions MGA;Recommandations
O2;Gestion des Ressources Humaines, Management, EVALUATION DE PROJET;Plus de 5 ans;Temps plein;ECONOMIE DE DEVELOPPEMENT (MINISTRE DE L'AGRICULTURE ET DE L'ELEVAGE A MADAGASCAR);Communication, Travail d'équipe, Leadership;Oui;2400;0;2;0;Plus de 3 Millions MGA;Concours 
INSCAE;Administration d'entreprise;3-5 ans;Entrepreneur ;Artisanat;Communication, Travail d'équipe;Non;5;50000000;7;4;Entre 2 Millions MGA et 3 Millions MGA;Sites d'offres d'emploi en ligne
INSCAE;Marketing;Plus de 5 ans;Entrepreneur;Élevage / traduction;Leadership, Résolution de problèmes;Oui;12;25000000;4;2;Entre 2 Millions MGA et 3 Millions MGA;Recommandations
Association Professionnelle des Banques;Finance;Plus de 5 ans;Temps plein;Banque/Finance;Communication, Travail d'équipe, Leadership, Résolution de problèmes, Adaptabilité;Oui;11;40000000;7;1;Entre 2 Millions MGA et 3 Millions MGA;Recommandations
INSCAE;Finance, Comptabilité;3-5 ans;Temps plein;Comptabilité/Audit;Communication, Travail d'équipe, Résolution de problèmes, Adaptabilité;Oui;3;24000000;60;2;Entre 2 Millions MGA et 3 Millions MGA;Sites d'offres d'emploi en ligne
Institut Universitaire de Madagascar;Management;3-5 ans;Consultance;Ressources humaines ;Communication, Travail d'équipe, Leadership, Adaptabilité;Oui;24;0;7;3;Entre 2 Millions MGA et 3 Millions MGA;Sites d'offres d'emploi en ligne
INSCAE;Management;3-5 ans;Temps plein;Marketing/Publicité;Communication, Travail d'équipe, Leadership, Résolution de problèmes;Non;4;50000000;20;2;Entre 2 Millions MGA et 3 Millions MGA;Sites d'offres d'emploi en ligne
INSCAE;Management;1-2 ans;Freelance;Média ;Communication, Travail d'équipe, Résolution de problèmes, Adaptabilité, Écriture - Logistique ;Non;2;200000;30;2;Moins de 2 Millions MGA;Recommandations
INSCAE;Comptabilité - Contrôle - Audit;Plus de 5 ans;Temps plein;Direction;Travail d'équipe, Leadership, Résolution de problèmes, Adaptabilité;Oui;31;1000000000;0;3;Plus de 3 Millions MGA;Sites d'offres d'emploi en ligne
ESMIA MADAGASCAR ;Gestion des Ressources Humaines, Management;3-5 ans;Temps plein;RH;Travail d'équipe, Leadership, Résolution de problèmes, Adaptabilité;Non;307;0;19;2;Entre 2 Millions MGA et 3 Millions MGA;Sites d'offres d'emploi en ligne
CNTEMAD;Droit Public;Plus de 5 ans;Temps plein;Banque/Finance, Public;Communication, Travail d'équipe, Leadership;Oui;20;0;5;2;Entre 2 Millions MGA et 3 Millions MGA;Annonces dans les journaux
DEGS Ankatso;Droit;Plus de 5 ans;Temps plein;Agroalimentaire ;Communication, Travail d'équipe, Leadership, Résolution de problèmes, Adaptabilité;Oui;7;7000000000;4;0;Plus de 3 Millions MGA;Cooptation 
DEGS Ankatso;Économie;3-5 ans;Temps plein;Société privée;Communication, Adaptabilité;Oui;30;1000000000;3;2;Moins de 2 Millions MGA;Recommandations
Esam Paris;Finance, Comptabilité;1-2 ans;Temps plein;Comptabilité/Audit;Communication, Adaptabilité;Non;0;10000000;217;30;Moins de 2 Millions MGA;Réseaux professionnels (LinkedIn, etc.)
INSCAE;Gestion des Ressources Humaines;3-5 ans;Temps plein;Informatique;Résolution de problèmes, Résistance au stress;Non;0;0;6;5;Entre 2 Millions MGA et 3 Millions MGA;Réseaux professionnels (LinkedIn, etc.)
INSCAE;Management;3-5 ans;Temps plein;Conseil en gestion;Résolution de problèmes, Adaptabilité;Oui;1;1000000;15;2;Entre 2 Millions MGA et 3 Millions MGA;Réseaux professionnels (LinkedIn, etc.)
INSCAE;Finance, Comptabilité;Plus de 5 ans;Temps plein;Comptabilité/Audit;Communication, Travail d'équipe, Résolution de problèmes, Adaptabilité;Non;10;100000000;0;2;Plus de 3 Millions MGA;Réseaux professionnels (LinkedIn, etc.)
INSCAE;Finance, Comptabilité;Plus de 5 ans;Temps plein;Comptabilité/Audit;Communication, Travail d'équipe, Leadership, Résolution de problèmes, Adaptabilité;Oui;13;600000000;25;12;Plus de 3 Millions MGA;Réseaux professionnels (LinkedIn, etc.)
INSCAE;Comptabilité - Contrôle - Audit;3-5 ans;Temps plein;Comptabilité/Audit;Communication, Travail d'équipe, Leadership, Résolution de problèmes, Adaptabilité;Non;8;0;60;1;Moins de 2 Millions MGA;Recommandations
Université Montesquieu Bordeaux 4 ;Management;Plus de 5 ans;Temps plein;Entrepreneuriat ;Communication, Travail d'équipe, Leadership, Résolution de problèmes, Adaptabilité;Non;5;120000000;0;2;Plus de 3 Millions MGA;Réseaux professionnels (LinkedIn, etc.)
ISCAM;Finance, Comptabilité;Plus de 5 ans;Entrepreneur ;Formation - Business Coaching ;Communication, Travail d'équipe, Leadership, Résolution de problèmes, Adaptabilité;Oui;10;0;30;4;Plus de 3 Millions MGA;Je crée des entreprises 
Agrosup Dijon;Management de la qualité;Plus de 5 ans;Temps plein;Mine;Communication, Travail d'équipe, Leadership, Résolution de problèmes, Adaptabilité;Oui;15;1000000000;2;2;Plus de 3 Millions MGA;Recommandations
INSCAE ;Finance, Comptabilité;1-2 ans;Freelance;Consultance ;Communication, Travail d'équipe, Leadership, Résolution de problèmes, Adaptabilité;Oui;3;2000000;7;3;Moins de 2 Millions MGA;Réseaux professionnels (LinkedIn, etc.)
DEGS Ankatso;Économie;3-5 ans;Temps plein;Communication ;Communication, Travail d'équipe, Leadership, Résolution de problèmes, Adaptabilité;Oui;11;0;3;2;Moins de 2 Millions MGA;Réseaux professionnels (LinkedIn, etc.)
ESSEC Business School ;Finance;Plus de 5 ans;Temps plein;Banque/Finance, Conseil en gestion;Communication, Travail d'équipe, Leadership, Résolution de problèmes, Adaptabilité;Non;5;20000000;0;3;Entre 2 Millions MGA et 3 Millions MGA;Sites d'offres d'emploi en ligne
INSCAE/ OECFM;Finance, Comptabilité;Plus de 5 ans;Temps plein;Comptabilité/Audit;Communication, Travail d'équipe, Leadership, Résolution de problèmes, Adaptabilité;Oui;10;0;10;15;Plus de 3 Millions MGA;Sites d'offres d'emploi en ligne
IST - Tananarive ;Management;1-2 ans;Temps plein;Ressources humaines ;Communication, Travail d'équipe, Leadership, Résolution de problèmes, Adaptabilité;Oui;2000;672000000;5;4;Entre 2 Millions MGA et 3 Millions MGA;Réseaux professionnels (LinkedIn, etc.)
DEGS Ankatso;Comptabilité;Moins de 1 an;Temps partiel;Comptabilité/Audit;Travail d'équipe, Leadership, Résolution de problèmes, Adaptabilité;Oui;5;40000000;48;5;Moins de 2 Millions MGA;Réseaux professionnels (LinkedIn, etc.)
INSCAE;Finance;3-5 ans;Temps plein;Banque/Finance;Résolution de problèmes, Adaptabilité;Oui;1;800000000;30;4;Plus de 3 Millions MGA;Réseaux professionnels (LinkedIn, etc.)
INSCAE;Finance;Plus de 5 ans;Temps plein;BTP;Communication, Travail d'équipe, Leadership, Adaptabilité;Non;9;50000000;2;0;Plus de 3 Millions MGA;Réseaux professionnels (LinkedIn, etc.)
INSCAE;Marketing;Plus de 5 ans;Temps plein;Tourisme;Communication, Travail d'équipe, Leadership, Résolution de problèmes, Adaptabilité, Liste non exhaustive ;Oui;8;25000000000;15;5;Plus de 3 Millions MGA;Recommandations
UACCEM, IESEG School of Management;Management;Plus de 5 ans;Freelance;Externalisation;Communication, Leadership, Constance;Non;15;160000000;7;0;Plus de 3 Millions MGA;Annonces dans les journaux
ISCAM;Gestion des Ressources Humaines;Plus de 5 ans;Temps plein;Immobilier mais banque avant;Communication, Travail d'équipe, Leadership, Résolution de problèmes, Adaptabilité;Oui;0;0;10;4;Moins de 2 Millions MGA;Plateforme de mon entreprise
DEGS Ankatso;Comptabilité;Plus de 5 ans;Temps plein;Conseil en gestion;Communication, Leadership, Résolution de problèmes, Adaptabilité;Non;15;50000000;10;4;Plus de 3 Millions MGA;Réseaux professionnels (LinkedIn, etc.)
INSCAE;Administration d'entreprise;Moins de 1 an;Temps plein;Importation;Travail d'équipe, Leadership, Résolution de problèmes, Adaptabilité;Non;7;5000000000;2;3;Entre 2 Millions MGA et 3 Millions MGA;Recommandations
ISCAM;Finance, Comptabilité;Plus de 5 ans;Temps plein;Groupe de premier plan en distribution de matériel de construction et PPN, en hôtellerie et Bâtiment;Communication, Travail d'équipe, Leadership, Résolution de problèmes, Adaptabilité;Non;30;2E+11;0;5;Plus de 3 Millions MGA;Sites d'offres d'emploi en ligne
DEGS Ankatso;Comptabilité, Gestion;Plus de 5 ans;Temps plein;Banque/Finance;Travail d'équipe, Résolution de problèmes, Adaptabilité;Oui;10;100000000;10;2;Plus de 3 Millions MGA;Recommandations
IUM Institut Universitaire de Madagascar;Marketing;Plus de 5 ans;Temps plein;Grande distribution;Résolution de problèmes, Adaptabilité;Non;10;0;4;3;Entre 2 Millions MGA et 3 Millions MGA;Sites d'offres d'emploi en ligne
INSCAE;Gestion des Ressources Humaines;1-2 ans;Temps plein;Conseil en gestion;Communication, Travail d'équipe, Résolution de problèmes, Adaptabilité;Non;1;30000000;10;3;Moins de 2 Millions MGA;Réseaux professionnels (LinkedIn, etc.)
DEGS Ankatso/DEX;Économie;Plus de 5 ans;Temps plein;Comptabilité/Audit;Communication, Travail d'équipe, Leadership, Résolution de problèmes, Audit;Oui;50;0;40;4;Plus de 3 Millions MGA;Réseaux professionnels (LinkedIn, etc.)
DEGS Ankatso;Droit des affaires ;Plus de 5 ans;Temps plein;Public;Communication;Oui;5;0;15;0;Entre 2 Millions MGA et 3 Millions MGA;Annonces dans les journaux
INSCAE;Gestion des Ressources Humaines;1-2 ans;Temps partiel;RH;Communication, Travail d'équipe, Leadership, Résolution de problèmes, Adaptabilité;Oui;500;0;1;3;Moins de 2 Millions MGA;Réseaux professionnels (LinkedIn, etc.)
ISCAM;Marketing, Management;Plus de 5 ans;Temps plein;Restauration;Communication, Leadership, Résolution de problèmes, Adaptabilité;Oui;20;20000000;0;2;Entre 2 Millions MGA et 3 Millions MGA;Sites d'offres d'emploi en ligne
INSCAE;Administration d'entreprise;1-2 ans;Temps plein;Ressources Humaines;Communication, Travail d'équipe, Leadership, Résolution de problèmes, Adaptabilité, Gestion du temps, Respect des deadlines, travail sous pression, Discipline;Non;20;350000000;3;3;Moins de 2 Millions MGA;Recommandations
INSCAE;Finance, Comptabilité;1-2 ans;Temps plein;Comptabilité/Audit;Travail d'équipe, Résolution de problèmes, Adaptabilité;Oui;0;1000000;0;3;Entre 2 Millions MGA et 3 Millions MGA;Recommandations
INSCAE;Finance, Comptabilité;1-2 ans;Temps plein;Comptabilité/Audit;Communication, Travail d'équipe, Leadership, Résolution de problèmes, Adaptabilité;Non;5;100000000;0;0;Entre 2 Millions MGA et 3 Millions MGA;Réseaux professionnels (LinkedIn, etc.)
INSCAE;Finance, Comptabilité;3-5 ans;Temps plein;Comptabilité/Audit;Communication, Travail d'équipe, Résolution de problèmes, Adaptabilité;Oui;12;30000000;14;2;Entre 2 Millions MGA et 3 Millions MGA;Réseaux professionnels (LinkedIn, etc.)
EST (Ecole Supérieure de Technologie);Management, Assurance;Plus de 5 ans;Temps plein;Assurance;Communication, Travail d'équipe, Leadership, Résolution de problèmes, Adaptabilité;Oui;10;100000000;0;3;Plus de 3 Millions MGA;Sites d'offres d'emploi en ligne
INSCAE;Finance, Comptabilité;3-5 ans;Temps plein;Comptabilité/Audit, Conseil en gestion;Travail d'équipe, Résolution de problèmes, Adaptabilité;Oui;6;700000000;10;2;Entre 2 Millions MGA et 3 Millions MGA;Recommandations
ISSIG /ESMIA;Finance, Comptabilité, Management;3-5 ans;Temps plein;Comptabilité/Audit;Communication, Travail d'équipe, Leadership, Adaptabilité;Oui;20;50000000;3;3;Plus de 3 Millions MGA;Recommandations
INSCAE;Finance, Comptabilité, Management;1-2 ans;Temps plein;Comptabilité/Audit;Travail d'équipe, Résolution de problèmes, Adaptabilité;Non;0;0;0;0;Moins de 2 Millions MGA;Réseaux professionnels (LinkedIn, etc.)
ESCAME;Management;3-5 ans;Temps plein;Relation client;Communication, Travail d'équipe, Leadership, Résolution de problèmes, Adaptabilité;Non;300;0;10;4;Moins de 2 Millions MGA;Sites d'offres d'emploi en ligne
INSCAE;Finance, Comptabilité;1-2 ans;Temps plein;Comptabilité/Audit;Communication, Adaptabilité;Oui;10;200000000;15;3;Entre 2 Millions MGA et 3 Millions MGA;Réseaux professionnels (LinkedIn, etc.)
Université d'Andrainjato Fianarantsoa;Comptabilité/ Gestion des Ressources Humaines;Moins de 1 an;Temps plein;Banque/Finance, Conseil en gestion;Travail d'équipe, Leadership;Non;12;24000000;5;3;Moins de 2 Millions MGA;Sites d'offres d'emploi en ligne
Université Libre de Bruxelles;Microfinance;Plus de 5 ans;Temps plein;Banque/Finance;Communication, Travail d'équipe, Leadership, Résolution de problèmes, Adaptabilité;Oui;0;0;10;1;Plus de 3 Millions MGA;Sites d'offres d'emploi en ligne
IMGAM;Gestion des Ressources Humaines, Management;3-5 ans;Temps plein;Importation;Travail d'équipe, Leadership, Résolution de problèmes, Adaptabilité;Non;10;0;0;2;Moins de 2 Millions MGA;Sites d'offres d'emploi en ligne
INSCAE;Finance, Comptabilité;1-2 ans;Temps plein;Comptabilité/Audit;Communication, Travail d'équipe, Adaptabilité;Oui;0;3000000;84;0;Entre 2 Millions MGA et 3 Millions MGA;Réseaux professionnels (LinkedIn, etc.)
Flsh Université Antananarivo;Lettres Françaises;Plus de 5 ans;Temps plein;Banque/Finance;Communication, Travail d'équipe, Leadership, Résolution de problèmes, Adaptabilité;Oui;18;150000000;5;2;Plus de 3 Millions MGA;Annonces affichée sur le site
INSCAE/ OECFM;Finance;Plus de 5 ans;Temps plein;Comptabilité/Audit;Communication, Travail d'équipe, Leadership, Résolution de problèmes, Adaptabilité;Non;12;250000000;0;5;Plus de 3 Millions MGA;Relation d'affaires
DEGS Ankatso;Finance, Comptabilité, Economie;3-5 ans;Temps plein;Comptabilité/Audit;Communication, Travail d'équipe, Leadership, Résolution de problèmes, Adaptabilité, méthodique, dynamique, sérieux et rigoureux;Oui;4;20000000;40;5;Moins de 2 Millions MGA;Sites d'offres d'emploi en ligne
INSCAE;Finance, Comptabilité;Plus de 5 ans;Temps plein;Banque/Finance;Communication, Travail d'équipe, Leadership, Résolution de problèmes, Adaptabilité;Oui;5;2500000000;0;2;Plus de 3 Millions MGA;Annonces dans les journaux
INSCAE;Finance, Comptabilité, Contrôle de gestion et Audit ;1-2 ans;Temps plein;Comptabilité/Audit;Communication, Travail d'équipe, Leadership, Résolution de problèmes, Adaptabilité;Oui;2;0;28;2;Moins de 2 Millions MGA;Recommandations
INSCAE;Finance, Comptabilité;Moins de 1 an;Temps plein;Comptabilité/Audit;Communication, Travail d'équipe, Résolution de problèmes, Adaptabilité;Non;2;200000000;20;3;Moins de 2 Millions MGA;Recommandations
ENI Fianarantsoa + Faculté des Sciences Antananarivo;Mathématiques+Informatique;Plus de 5 ans;Temps plein;Banque/Finance, Comptabilité/Audit;Communication, Travail d'équipe, Leadership, Résolution de problèmes, Adaptabilité;Non;30;0;0;10;Plus de 3 Millions MGA;Sites d'offres d'emploi en ligne
INSCAE;Finance, Comptabilité, Marketing;Plus de 5 ans;Temps partiel;Comptabilité/Audit, Conseil en gestion;Communication, Travail d'équipe, Leadership, Résolution de problèmes, Adaptabilité;Oui;0;0;10;5;Plus de 3 Millions MGA;Réseaux professionnels (LinkedIn, etc.)
"Université de la Havane - CUBA
Centre de formation en Ressources Humaines : CFHR Antananarivo - Madagascar";Gestion des Ressources Humaines, Génie chimique ;Plus de 5 ans;Temps plein;Distribution (Logistique et Commerciale);Communication, Travail d'équipe, Leadership, Résolution de problèmes;Oui;17;10000000000;8;3;Plus de 3 Millions MGA;Sites d'offres d'emploi en ligne
DEGS Ankatso;Finance, Comptabilité, Gestion des Ressources Humaines;Plus de 5 ans;Temps plein;Developpement;Travail d'équipe, Leadership, Résolution de problèmes, Adaptabilité;Oui;5;1645000000;30;1;Plus de 3 Millions MGA;Réseaux professionnels (LinkedIn, etc.)
École Supérieure Polytechnique Antananarivo;BTP;Plus de 5 ans;Temps plein;Administration Publique;Travail d'équipe, Leadership;Oui;11;800000000;20;5;Plus de 3 Millions MGA;Recommandations
DEGS Ankatso;Finance, Comptabilité;Plus de 5 ans;Temps plein;Developpement;Communication, Travail d'équipe, Leadership, Résolution de problèmes, Adaptabilité;Oui;20;0;30;3;Plus de 3 Millions MGA;Annonces dans les journaux
INSCAE;Gestion des Ressources Humaines;3-5 ans;Temps plein;Informatique;Communication, Travail d'équipe, Leadership, Résolution de problèmes, Adaptabilité;Non;3;0;56;5;Entre 2 Millions MGA et 3 Millions MGA;Réseaux professionnels (LinkedIn, etc.)
DEGS Ankatso;Gestion des Ressources Humaines;1-2 ans;Temps plein;RRH;Communication, Travail d'équipe, Leadership, Résolution de problèmes, Adaptabilité;Non;80;0;0;2;Moins de 2 Millions MGA;Réseaux professionnels (LinkedIn, etc.)
ESGAM;Finance;Plus de 5 ans;Temps plein;Banque/Finance;Travail d'équipe, Leadership;Non;8;150000000;0;6;Plus de 3 Millions MGA;Recommandations
IST - Tananarive ;Finance, Comptabilité;Plus de 5 ans;Temps plein;Comptabilité/Audit;Communication, Travail d'équipe, Adaptabilité;Non;12;300000000;5;35;Plus de 3 Millions MGA;Réseaux professionnels (LinkedIn, etc.)
ISCAM;Finance, Comptabilité;Plus de 5 ans;Temps plein;Groupe leader en distribution de matériel de construction, PPN, hôtellerie et construction;Communication, Travail d'équipe, Leadership, Résolution de problèmes, Adaptabilité;Non;30;2E+11;0;5;Plus de 3 Millions MGA;Sites d'offres d'emploi en ligne
INSCAE;Finance, Comptabilité;Plus de 5 ans;Temps plein;Comptabilité/Audit;Communication, Travail d'équipe, Résolution de problèmes, Adaptabilité;Non;6;200000000;8;25;Entre 2 Millions MGA et 3 Millions MGA;Sites d'offres d'emploi en ligne
CNTEMAD;Management;Plus de 5 ans;Temps plein;ONG / Secteur Santé Publique ;Résolution de problèmes, Adaptabilité;Oui;4;50000000;7;1;Entre 2 Millions MGA et 3 Millions MGA;Réseaux professionnels (LinkedIn, etc.)
Malagasy Mahomby;Comptabilité;Plus de 5 ans;Temps plein;Comptabilité/Audit;Communication, Travail d'équipe, Adaptabilité;Oui;15;250000000;20;3;Entre 2 Millions MGA et 3 Millions MGA;Réseaux professionnels (LinkedIn, etc.)
INSCAE;Gestion des Ressources Humaines;3-5 ans;Temps partiel;Conseil en gestion, Enseignement ;Communication, Travail d'équipe, Leadership, Résolution de problèmes, Adaptabilité;Oui;0;0;8;2;Moins de 2 Millions MGA;Recommandations
ISCAM;Gestion des Ressources Humaines;1-2 ans;Temps plein;Offshoring;Communication, Travail d'équipe, Adaptabilité;Non;5;0;17;4;Moins de 2 Millions MGA;Sites d'offres d'emploi en ligne
IMGAM/ INSCAE;Finance, Comptabilité, Marketing, Management, Commerce International;Plus de 5 ans;Temps plein;ONG / Secteur Santé Publique ;Communication, Travail d'équipe, Leadership, Résolution de problèmes, Adaptabilité, Appui et Développement Communautaire;Oui;18;180000000;20;2;Plus de 3 Millions MGA;Réseaux professionnels (LinkedIn, etc.)
Université d'état d Voronej, Russie;Droit , Gestion de projets en BTP;Plus de 5 ans;Temps partiel;BTP;Travail d'équipe, Leadership, Résolution de problèmes, Adaptabilité;Oui;5;12000000;10;4;Plus de 3 Millions MGA;Sites d'offres d'emploi en ligne
DEGS Ankatso;Finance, Comptabilité;Plus de 5 ans;Temps plein;Banque/Finance;Communication, Travail d'équipe, Leadership, Résolution de problèmes, Adaptabilité;Oui;12;150000000;5;2;Plus de 3 Millions MGA;Réseaux professionnels (LinkedIn, etc.)
INSCAE/ OECFM;Comptabilité - Contrôle - Audit;Plus de 5 ans;Temps plein;Comptabilité/Audit;Communication, Travail d'équipe, Leadership, Résolution de problèmes;Non;4;240000000;5;10;Plus de 3 Millions MGA;Réseaux professionnels (LinkedIn, etc.)
IST - Tananarive ;Gestion des Ressources Humaines;Plus de 5 ans;Temps plein;Assurance;Communication, Résolution de problèmes, Adaptabilité;Oui;10;200000000;10;2;Entre 2 Millions MGA et 3 Millions MGA;Annonces dans les journaux
IST - Tananarive ;Finance;1-2 ans;Temps plein;Conseil en gestion;Leadership, Adaptabilité;Non;6;150000000;20;3;Moins de 2 Millions MGA;Sites d'offres d'emploi en ligne
Conte mad et IST;Marketing, Management;Plus de 5 ans;Temps plein;Relation client;Communication, Travail d'équipe, Leadership, Résolution de problèmes, Adaptabilité;Oui;50;15000000000;10;20;Plus de 3 Millions MGA;Sites d'offres d'emploi en ligne
INTH;Management, Management Hotelier ;1-2 ans;Temps plein;Front Desk agent/Night Auditor ;Communication, Travail d'équipe, Leadership, Résolution de problèmes, Adaptabilité;Non;0;0;1;2;Plus de 3 Millions MGA;Réseaux professionnels (LinkedIn, etc.)
CFRH Institute;Gestion des Ressources Humaines;3-5 ans;Temps plein;Télécommunication;Communication, Travail d'équipe, Leadership, Résolution de problèmes, Adaptabilité;Non;0;0;0;5;Entre 2 Millions MGA et 3 Millions MGA;Sites d'offres d'emploi en ligne
DEGS Ankatso;Finance, Comptabilité;Plus de 5 ans;Temps plein;Service public ;Communication, Travail d'équipe, Leadership, Résolution de problèmes, Adaptabilité;Oui;350;150000000;80;2;Plus de 3 Millions MGA;Concours 
CNTEMAD/ CFRH INSTITUTE;Gestion des Ressources Humaines, Droit privé ;1-2 ans;Temps plein;Société d'enquête et de sondage ;Communication, Travail d'équipe, Adaptabilité;Oui;200;10000000;14;0;Moins de 2 Millions MGA;Réseaux professionnels (LinkedIn, etc.)
Pas de diplôme universitaire ;Économie;3-5 ans;Freelance;Entrepreneuriat/service aux entreprises ;Communication, Travail d'équipe, Leadership, Résolution de problèmes, Adaptabilité, Gestion de comportement ;Oui;15;100000000;30;4;Plus de 3 Millions MGA;Je ne recherche pas d’emplois
IST, DEGS Ankatso;Comptabilité, Organisation administrative ;Plus de 5 ans;Temps plein;Projet financé par Banque mondiale;Communication, Travail d'équipe, Leadership, Résolution de problèmes, Adaptabilité;Oui;15;50000000;5;1;Entre 2 Millions MGA et 3 Millions MGA;Recommandations
Inscae;Marketing;1-2 ans;Temps plein;Conseil en gestion;Communication, Leadership, Résolution de problèmes, Adaptabilité;Oui;1;0;1;1;Moins de 2 Millions MGA;Recommandations
DEGS Ankatso;Économie;Plus de 5 ans;Temps plein;Comptabilité/Audit;Travail d'équipe, Leadership, Résolution de problèmes;Non;15;40000000;2;2;Entre 2 Millions MGA et 3 Millions MGA;Sites d'offres d'emploi en ligne
Brigham Young University-Idaho;International Studies;3-5 ans;Temps plein;Venture capitalist ;Communication, Travail d'équipe, Leadership, Résolution de problèmes, Adaptabilité, Negotiations ;Non;20;200000000;0;3;Plus de 3 Millions MGA;Réseaux professionnels (LinkedIn, etc.)
CNTEMAD/ Université d'Antananarivo;Gestion des Ressources Humaines, Langue Anglaise;Plus de 5 ans;Temps plein;Cabinet de recrutement international ;Communication, Travail d'équipe, Leadership, Résolution de problèmes, Adaptabilité, Analyse;Oui;6;0;15;2;Entre 2 Millions MGA et 3 Millions MGA;Réseaux professionnels (LinkedIn, etc.)
INSCAE;Management;Moins de 1 an;Temps plein;Achat;Adaptabilité;Oui;4;0;0;2;Moins de 2 Millions MGA;Recommandations
ESCAME;Finance;Plus de 5 ans;Temps plein;Banque/Finance;Communication, Leadership, Résolution de problèmes, Adaptabilité;Oui;23;30000000;14;20;Entre 2 Millions MGA et 3 Millions MGA;Recommandations
DEGS Ankatso;Économie;Plus de 5 ans;Temps plein;Transit;Résolution de problèmes, Adaptabilité;Oui;70;150000000;2;4;Moins de 2 Millions MGA;Annonces dans les journaux
INSCAE;Finance;Plus de 5 ans;Temps plein;Comptabilité/Audit;Communication, Travail d'équipe, Adaptabilité;Non;0;0;3;0;Plus de 3 Millions MGA;Annonces dans les journaux
INSCAE;Gestion des Ressources Humaines;1-2 ans;Stage;Industrie;Adaptabilité;Non;1;20000;7;1;Moins de 2 Millions MGA;Réseaux professionnels (LinkedIn, etc.)
Dauphine Paris Sciences et Lettre;Finance, Comptabilité, Gestion des Ressources Humaines, Marketing, Management;Plus de 5 ans;Président parti politique malagasy;Management/Leader;Travail d'équipe, Leadership, Résolution de problèmes, Adaptabilité;Oui;1000;400000000;8;2;Plus de 3 Millions MGA;Je ne recherche pas d’emplois
INSCAE - IAE de Poitiers;Comptabilité - Contrôle - Audit;3-5 ans;En alternance car reprise des études mais avant ça en temps plein;Banque/Finance, Comptabilité/Audit;Communication, Travail d'équipe, Résolution de problèmes, Adaptabilité;Oui;2;0;1,5;4;Entre 2 Millions MGA et 3 Millions MGA;Sites d'offres d'emploi en ligne
IMGAM;Gestion des Ressources Humaines, Management;3-5 ans;Temps plein;Banque/Finance, Comptabilité/Audit, ONG;Travail d'équipe, Leadership, Résolution de problèmes, Adaptabilité;Oui;6;0;12;3;Moins de 2 Millions MGA;Recommandations
DEGS Ankatso;Économie;Plus de 5 ans;Temps plein;Transit;Résolution de problèmes, Adaptabilité;Oui;70;180000000;4;4;Moins de 2 Millions MGA;Annonces dans les journaux
DEGS Ankatso;Finance, Comptabilité;Plus de 5 ans;Temps plein;Assurance;Communication, Travail d'équipe, Leadership, Résolution de problèmes, Adaptabilité;Oui;10;2000000000;0;10;Plus de 3 Millions MGA;Réseaux professionnels (LinkedIn, etc.)
Asia Pacific University of Technology and Innovation ;MBA Business Management;3-5 ans;Temps plein;Télécommunication;Communication, Travail d'équipe, Leadership, Résolution de problèmes, Adaptabilité;Oui;5;0;7;6;Moins de 2 Millions MGA;Réseaux professionnels (LinkedIn, etc.)
INSCAE;Comptabilité - Contrôle - Audit;Plus de 5 ans;Temps plein;Comptabilité/Audit;Adaptabilité;Non;14;1000000000;0;1;Plus de 3 Millions MGA;Réseaux professionnels (LinkedIn, etc.)
INSCAE;Finance;Plus de 5 ans;Temps plein;Humanitaire;Communication, Travail d'équipe, Leadership, Résolution de problèmes, Adaptabilité;Non;5;30000000;15;1;Entre 2 Millions MGA et 3 Millions MGA;Réseaux professionnels (LinkedIn, etc.)
INSCAE ;Comptabilité - Contrôle - Audit;Plus de 5 ans;Temps plein;Humanitaire ;Communication, Travail d'équipe, Résolution de problèmes;Oui;2;0;0;5;Moins de 2 Millions MGA;Sites d'offres d'emploi en ligne
INSCAE;Gestion PME ;Plus de 5 ans;Temps plein;Groupe ;Adaptabilité;Oui;10;0;0;3;Entre 2 Millions MGA et 3 Millions MGA;Réseaux professionnels (LinkedIn, etc.)
INSCAE;Finance, Comptabilité, Management;Plus de 5 ans;Temps plein;Comptabilité/Audit, Conseil en gestion;Communication, Travail d'équipe, Leadership, Résolution de problèmes, Adaptabilité;Oui;18;50000000000;4;2;Plus de 3 Millions MGA;Sites d'offres d'emploi en ligne
INSCAE;Finance, Comptabilité;1-2 ans;Temps plein;Contrôle de gestion;Communication, Travail d'équipe, Résolution de problèmes, Adaptabilité;Oui;6;1E+11;2;0;Moins de 2 Millions MGA;Réseaux professionnels (LinkedIn, etc.)
ISCAM;Marketing, Management;Plus de 5 ans;Temps plein;Assurance;Leadership, Résolution de problèmes, Adaptabilité;Oui;8;10000000;365;3;Moins de 2 Millions MGA;Réseaux professionnels (LinkedIn, etc.)
CNTEMAD;Finance, Gestion des Ressources Humaines;Plus de 5 ans;Temps plein;RSE;Communication, Travail d'équipe, Leadership, Résolution de problèmes, Adaptabilité;Non;150;400;0;3;Plus de 3 Millions MGA;Réseaux professionnels (LinkedIn, etc.)
INSCAE/ OECFM;Comptabilité - Contrôle - Audit;Plus de 5 ans;Temps plein;Comptabilité/Audit;Communication, Travail d'équipe, Leadership, Adaptabilité;Non;6;120000000;10;15;Plus de 3 Millions MGA;Réseaux professionnels (LinkedIn, etc.)
ISCAM;Management;Plus de 5 ans;Temps plein;Comptabilité/Audit;Communication, Travail d'équipe, Leadership, Résolution de problèmes, Adaptabilité;Oui;8;50000000000;4;4;Entre 2 Millions MGA et 3 Millions MGA;Réseaux professionnels (LinkedIn, etc.)
Institut de Formation technique;Droit;Plus de 5 ans;Temps plein;Comptabilité/Audit;Travail d'équipe, Leadership, Résolution de problèmes, Adaptabilité;Oui;60;0;14;3;Entre 2 Millions MGA et 3 Millions MGA;Recommandations
INSCAE / IST Antananarivo / Université d'Ankatso;Gestion des Ressources Humaines, Marketing, Management, Gestion de Risques et de Catastrophes;Plus de 5 ans;Temps plein;Comptabilité/Audit;Communication, Travail d'équipe, Leadership, Résolution de problèmes, Adaptabilité;Oui;60;100000000;10;5;Plus de 3 Millions MGA;Réseaux professionnels (LinkedIn, etc.)
DEGS Ankatso;Finance;Plus de 5 ans;Temps partiel;Consultance ;Adaptabilité;Non;2;0;2;0;Moins de 2 Millions MGA;Sites d'offres d'emploi en ligne
DEGS Ankatso;Marketing;Plus de 5 ans;Temps plein;Audiovisuelle;Communication, Travail d'équipe, Adaptabilité;Oui;10;0;0;2;Moins de 2 Millions MGA;Agence de recrutement
Université de La Réunion ;Droit Public et Relations Internationales ;Plus de 5 ans;Temps plein;Établissement financier ;Travail d'équipe, Résolution de problèmes, Adaptabilité;Oui;2;1000000000;3;15;Entre 2 Millions MGA et 3 Millions MGA;Sites d'offres d'emploi en ligne
HEC Montréal ;Finance, Management;3-5 ans;Temps plein;Gestion de projet ;Travail d'équipe, Leadership, Résolution de problèmes, Adaptabilité;Non;160;0;0;10;Plus de 3 Millions MGA;Réseaux professionnels (LinkedIn, etc.)
INTH et CNTEMAD;Management;3-5 ans;Temps plein;Hôtellerie et tourisme;Communication, Résolution de problèmes, Adaptabilité;Oui;22;50000000;96;1;Moins de 2 Millions MGA;Je ne recherche pas d’emplois
INSCAE;Finance, Comptabilité;Plus de 5 ans;Temps plein;Commerce ;Communication, Travail d'équipe, Leadership, Résolution de problèmes, Adaptabilité;Oui;1700;3E+11;40;10;Plus de 3 Millions MGA;Sites d'offres d'emploi en ligne
CNAM;Management;Plus de 5 ans;Temps plein;Télécommunication;Communication, Travail d'équipe, Résolution de problèmes, Adaptabilité;Non;18;0;2;3;Plus de 3 Millions MGA;Annonces dans les journaux
INSCAE;Finance;Plus de 5 ans;Temps plein;Assurance;Communication, Travail d'équipe, Leadership, Résolution de problèmes, Adaptabilité, Gestion des ressources humaines ;Oui;7;13000000000;5;3;Plus de 3 Millions MGA;Offre interne et sur les bases de données 
ISCAM;Gestion des Ressources Humaines;Plus de 5 ans;Temps plein;Comptabilité/Audit;Communication, Travail d'équipe, Résolution de problèmes, Adaptabilité;Oui;13;300000000;0;4;Plus de 3 Millions MGA;Réseaux professionnels (LinkedIn, etc.)
Université Catholique de Madagascar;Finance, Comptabilité;Plus de 5 ans;Temps plein;Secteur public - Ministère des Finances;Travail d'équipe, Adaptabilité;Oui;8;0;2;5;Entre 2 Millions MGA et 3 Millions MGA;Annonces dans les journaux
INSCAE ensuite ESHOTEL PARIS;Management;Plus de 5 ans;Freelance;Enseignant Formateur ;Communication, Travail d'équipe, Leadership, Résolution de problèmes, Adaptabilité, J’ai acquis sur le terrain 70% de compétences pratiques;Non;5;70000000;15;3;Plus de 3 Millions MGA;Réseaux professionnels (LinkedIn, etc.)
ESSCA;Finance, Comptabilité;Plus de 5 ans;Temps plein;Comptabilité/Audit, Conseil en gestion;Communication, Travail d'équipe, Leadership, Résolution de problèmes, Adaptabilité;Non;8;300000000;2;3;Entre 2 Millions MGA et 3 Millions MGA;Recommandations
DEGS Ankatso;Économie;1-2 ans;Temps plein;Banque/Finance;Communication, Travail d'équipe, Leadership, Résolution de problèmes, Adaptabilité;Oui;2;100000000;110;3;Entre 2 Millions MGA et 3 Millions MGA;Recommandations
DEGS Ankatso;Droit;Plus de 5 ans;Temps plein;Ressources Humaines;Communication, Travail d'équipe, Leadership, Résolution de problèmes, Adaptabilité;Oui;1;0;7;4;Moins de 2 Millions MGA;Sites d'offres d'emploi en ligne
DEGS Ankatso;Économie;Plus de 5 ans;Temps plein;Enseignement;Communication, Travail d'équipe, Leadership, Résolution de problèmes, Informatique/ Logiciel;Oui;145;0;38;3;Plus de 3 Millions MGA;Annonces dans les journaux
INSCAE;Comptabilité - Contrôle - Audit;1-2 ans;Temps plein;Comptabilité/Audit;Communication, Travail d'équipe, Leadership, Résolution de problèmes, Adaptabilité;Oui;1;0;0;3;Entre 2 Millions MGA et 3 Millions MGA;Réseaux professionnels (LinkedIn, etc.)
Université de Moncton;Marketing, Management;Plus de 5 ans;Temps plein;Tourisme;Travail d'équipe, Leadership, Résolution de problèmes, Adaptabilité;Oui;20;3000000000;5;5;Plus de 3 Millions MGA;Réseaux professionnels (LinkedIn, etc.)
INSCAE;Marketing;1-2 ans;Temps plein;Petrolier;Communication, Travail d'équipe, Leadership, Résolution de problèmes, Adaptabilité;Non;2;300000000;15;5;Plus de 3 Millions MGA;Sites d'offres d'emploi en ligne
Ecoles des Hautes Etudes Internationales Paris 13;Économie;Plus de 5 ans;Temps plein;Commerce ;Communication, Travail d'équipe, Leadership, Résolution de problèmes, Adaptabilité;Oui;50;4000000000;10;3;Entre 2 Millions MGA et 3 Millions MGA;Sites d'offres d'emploi en ligne
DEGS Ankatso;Finance, Comptabilité;Plus de 5 ans;Temps plein;Santé;Communication, Travail d'équipe, Leadership;Oui;30;2000000000;0;4;Moins de 2 Millions MGA;Recommandations
INSCAE/ OECFM;Finance, Comptabilité;Plus de 5 ans;Temps plein;Banque/Finance, Comptabilité/Audit, Conseil en gestion;Communication, Travail d'équipe, Leadership, Résolution de problèmes, Adaptabilité;Oui;30;3000000000;20;7;Plus de 3 Millions MGA;Sites d'offres d'emploi en ligne
INSCAE;Management;Plus de 5 ans;Temps plein;ONG;Communication, Travail d'équipe, Leadership, Résolution de problèmes, Adaptabilité;Oui;3;20000000000;15;10;Entre 2 Millions MGA et 3 Millions MGA;Sites d'offres d'emploi en ligne
Université Paris XII val de Marne;Entrepreunariat et PME;Plus de 5 ans;Temps plein;Commerce Automobile;Travail d'équipe, Leadership, Adaptabilité;Oui;4;15000000;0;2;Plus de 3 Millions MGA;Selection des sociétés selon compétences 
INSCAE;Marketing;1-2 ans;Temps plein;Fintech;Résolution de problèmes;Non;0;2000000000;2;5;Entre 2 Millions MGA et 3 Millions MGA;Réseaux professionnels (LinkedIn, etc.)
INSCAE;Gestion des Ressources Humaines;3-5 ans;Temps plein;Ressources Humaines - Formation ;Travail d'équipe, Leadership, Résolution de problèmes, Adaptabilité;Non;4;0;10;10;Entre 2 Millions MGA et 3 Millions MGA;Sites d'offres d'emploi en ligne
INSCAE;Gestion des Ressources Humaines;1-2 ans;Freelance;Hôtellerie et restauration ;Communication, Travail d'équipe, Leadership, Résolution de problèmes, Adaptabilité;Oui;4;10000000;250;5;Entre 2 Millions MGA et 3 Millions MGA;Réseaux professionnels (LinkedIn, etc.)
Ecole Supérieure de Gestion et d'Administration des Entreprise (ESGAE);Finance, Comptabilité;3-5 ans;Temps plein;NTIC ;Communication, Travail d'équipe, Leadership, Résolution de problèmes, Adaptabilité;Oui;14;309000000;12;13;Entre 2 Millions MGA et 3 Millions MGA;Recommandations
DEGS Ankatso;Finance;Plus de 5 ans;Temps plein;Fiscalité ;Travail d'équipe, Adaptabilité;Non;25;0;10;0;Plus de 3 Millions MGA;Concours 
Paris 1 Sorbonne;Finance;Plus de 5 ans;Temps plein;Tech;Communication, Travail d'équipe, Leadership, Résolution de problèmes, Adaptabilité, Tech Skills;Oui;20;500000000;30;5;Plus de 3 Millions MGA;Discussion directe
Université de Fianarantsoa ;Sciences Sociales;Plus de 5 ans;Temps plein;Institution ;Communication, Travail d'équipe, Leadership, Résolution de problèmes, Adaptabilité;Oui;6;160000000;5;3;Plus de 3 Millions MGA;Recommandations
CNTEMAD;Comptabilité;3-5 ans;Freelance;Comptabilité/Audit;Communication, Travail d'équipe, Leadership, Résolution de problèmes, Adaptabilité;Non;0;1000000;15;3;Moins de 2 Millions MGA;Sites d'offres d'emploi en ligne
INSCAE;Management;Plus de 5 ans;Temps plein;Tertiaire;Leadership;Oui;3;0;10;0;Entre 2 Millions MGA et 3 Millions MGA;Recommandations
INSCAE;Marketing, Management;Plus de 5 ans;Temps plein;Secteur extractif;Communication, Travail d'équipe, Leadership, Résolution de problèmes, Adaptabilité;Oui;15;0;0;5;Plus de 3 Millions MGA;Recommandations
HEC Montréal;E-Business;Plus de 5 ans;Entrepreneur ;Tourisme & Agri-Business;Leadership, Résolution de problèmes, Adaptabilité;Oui;20;500000000;1;10;Plus de 3 Millions MGA;N/A
INSCAE;Marketing;Plus de 5 ans;Temps plein;Télécommunication;Travail d'équipe, Résolution de problèmes, Adaptabilité;Oui;0;0;2;0;Moins de 2 Millions MGA;Sites d'offres d'emploi en ligne
INSCAE;Comptabilité - Contrôle - Audit;Plus de 5 ans;Temps plein;Comptabilité/Audit;Travail d'équipe, Leadership, Adaptabilité;Non;10;0;10;5;Plus de 3 Millions MGA;Recommandations
